34221448923326	35.4292	40.05047
34221542612444	35.43111	40.05191
34221627769047	35.431255	40.055103
34221722545576	35.435287	40.06546
34221817824873	44.23791	40.104923
34221908572179	46.27486	40.221085
34222013206241	47.65955	40.332676
34222109885713	49.74769	40.5071
34222200911765	51.74422	40.699986
34222291030402	53.78939	40.926228
34222381985508	55.818348	41.135292
34222471438667	57.840385	41.41112
34222562016373	59.863026	41.711193
34222652011050	61.154583	41.913704
34222742600890	63.150654	42.224556
34222831635242	65.17048	42.566944
34222913534291	67.16538	42.939724
34222997659359	68.511444	43.211
34223085802397	70.4989	43.642467
34223170374935	71.92321	43.73637
34223258799839	71.89966	43.03709
34223341421755	72.03637	42.308357
34223426519431	72.592766	41.331898
34223515813722	73.43884	40.599304
34223607674086	73.978806	40.721104
34223705075197	73.784164	42.250534
34223786703142	73.40717	43.563473
34223837555286	72.865295	45.5048
34223888864989	72.47181	46.80732
34223974629079	71.66904	49.41453
34224059993685	71.2597	50.678158
34224145425046	70.82744	51.99142
34224230167397	70.361244	53.285107
34224313430565	69.91004	54.55689
34224396402896	70.079994	55.034733
34224480769306	71.15013	55.28271
34224564982068	71.88829	55.594402
34224650213905	72.73303	56.446304
34224735496107	72.71451	57.028225
34224905431024	70.23762	56.72578
34224994342436	68.27368	56.15576
34225080318240	66.982185	55.740017
34225163441116	65.024506	55.115913
34225247241786	63.104885	54.462452
34225417105233	59.884132	53.32129
34225501580650	58.60601	52.84867
34225589907359	56.753105	52.111053
34225679743512	55.49758	51.600292
34225763226834	53.72076	50.874245
34225854367741	52.714306	50.4439
34225964553027	52.397064	50.32853

34269689736493	35.331867	40.170444
34269782623819	35.3359	40.174652
34269863782814	35.33117	40.1649
34269966771446	35.336872	40.17367
34270039533918	45.27984	40.09599
34270107899900	47.323555	40.180676
34270194796825	48.651382	40.289654
34270277669601	50.68257	40.389744
34270359984098	52.72282	40.56456
34270443438121	54.06903	40.669525
34270526087200	55.45299	40.761234
34270609545390	57.443752	40.978245
34270691728481	58.840855	41.13904
34270773956573	60.842514	41.42041
34270856499090	62.159397	41.64959
34270938734368	64.164	41.962494
34271021537405	65.48922	42.14786
34271106206318	67.4795	42.507236
34271192180265	68.79924	42.781376
34271275761879	70.7941	43.183212
34271360525361	72.14638	43.463764
34271443779007	72.82154	43.043835
34271526123752	72.832306	42.25915
34271609647918	73.23299	41.22123
34271695073115	73.7022	40.63062
34271777388798	74.281204	40.484856
34271859910312	74.40746	41.33083
34271949070752	74.53083	43.33827
34272033756735	74.55489	44.771065
34272118491676	74.599464	46.680485
34272202683117	74.750046	48.10619
34272288182833	74.60615	50.16902
34272378996011	74.69236	51.41014
34272466821340	74.63721	53.458916
34272651792991	75.01196	55.807747
34272744871522	76.10334	55.580597
34272836059698	76.84188	55.76962
34272931086396	77.8929	56.30129
34273022214885	77.809395	57.120003
34273114432378	76.20026	57.30403
34273198637454	74.13584	57.261337
34273281370765	72.80896	57.24491
34273413725741	68.762085	57.153763
34273551545115	65.352135	56.967422
34273636809246	63.98299	56.86107
34273723095612	61.93826	56.743626
34273807266520	61.26067	56.642963
34273892986431	59.926205	56.53817
34273977800669	57.998833	56.35129
34274069725859	57.20805	56.27765
34274166570755	56.590534	56.194107

34370688400746	35.417072	40.086697
34370777547450	35.417057	40.08569
34370869883696	35.42333	40.09276
34370968898761	35.417206	40.086506
34371059818567	44.34368	39.995667
34371160385280	45.65424	40.058197
34371252150183	47.68188	40.131145
34371338668643	49.727116	40.25011
34371425228926	51.743122	40.4073
34371518203812	53.800236	40.555683
34371608901906	55.11171	40.63558
34371697220395	57.18726	40.840977
34371787017615	59.198154	41.067265
34371877460139	60.519783	41.237556
34371969052648	62.533794	41.523193
34372056426149	64.50153	41.825302
34372145961863	65.8436	42.040718
34372233186411	67.84908	42.392227
34372322921604	69.81506	42.757755
34372411055150	70.5666	42.340893
34372499817491	70.57424	41.62776
34372589897784	70.96731	40.56109
34372679267929	71.71534	39.724567
34372773012705	72.08684	39.629406
34372861029743	72.204575	40.97679
34372947530498	72.38199	43.723705
34373034432342	72.37809	44.316284
34373117085179	72.48967	46.401344
34373201323675	72.580765	48.46094
34373284715671	72.584045	49.8053
34373370963204	72.691574	51.837234
34373454441606	72.615265	53.851456
34373539195824	72.68135	55.08444
34373622841568	73.54631	54.92195
34373709401179	74.26021	54.979733
34373801635041	75.415	55.28896
34373886170617	75.963936	55.767452
34373971208738	75.67709	56.427544
34374076322381	72.45246	56.72721
34374160714731	70.43318	56.807316
34374247734809	68.97939	56.886913
34374424879612	66.30908	56.957005
34374510697726	64.97591	56.973404
34374604588289	63.61158	56.922264
34374694888012	61.602684	56.930573
34374781734446	59.568996	56.885273
34374870163985	58.211716	56.824566
34374957358175	56.23067	56.69361
34375044484606	55.092075	56.670113
34375231575900	54.60797	56.667446
34375328095494	54.603596	56.68814

34403400828756	35.333073	40.119892
34403511599870	35.33633	40.121017
34403606041910	35.33252	40.121147
34403686802187	35.332203	40.11988
34403806411007	44.674904	40.15822
34403900988097	46.749477	40.286953
34403986421599	48.79072	40.433746
34404035973346	50.81857	40.621822
34404087263666	52.86112	40.84946
34404171036460	55.58679	41.180813
34404262175625	56.90897	41.338135
34404352769119	58.296673	41.56118
34404442943973	59.588184	41.770542
34404533956889	60.95046	41.97334
34404625287354	62.93095	42.3354
34404717656399	64.2472	42.590855
34404809143945	66.205086	42.99814
34404898715733	68.21076	43.423702
34404989576464	69.52333	43.705666
34405079033670	71.46081	44.173363
34405169617530	72.61288	44.08705
34405258853490	72.68826	42.929634
34405350185467	73.019516	42.28184
34405440625372	73.74914	41.4087
34405531991254	74.17417	41.368996
34405621997362	74.20797	43.11329
34405712420704	74.322075	44.440872
34405801951400	74.266975	46.420876
34405893557176	74.39611	48.455624
34405976709408	74.32754	49.84466
34406063429096	74.295395	51.914635
34406150349356	74.2671	53.81833
34406233991323	74.72258	53.98344
34406317776257	75.826744	53.90894
34406401368849	76.59507	54.028446
34406483881559	77.58329	54.649456
34406567615972	77.23737	55.35461
34406650169359	75.9377	55.493526
34406733211645	73.94233	55.639942
34406815286131	72.63323	55.739418
34406897620197	70.6187	55.831158
34407065241262	67.14036	55.94151
34407147653348	65.7765	56.023235
34407230174810	63.681385	55.925003
34407313550896	62.36831	56.041084
34407429160764	58.989643	55.937866
34407514241517	57.22058	55.89283
34407601129801	56.46657	55.86373
34407685593843	55.95641	55.855583
34407850248021	55.91795	55.85881
34407932711670	55.91765	55.858532

35317487021718	35.607033	40.09607
35317579618178	35.60899	40.096165
35317672080421	35.607323	40.077003
35317755967206	35.596462	40.091637
35317843468130	45.47718	40.16002
35317925218941	47.506966	40.267933
35318025783781	49.55632	40.36871
35318118565813	50.947315	40.467552
35318206528329	53.00109	40.624176
35318293128667	55.01737	40.82891
35318381690449	57.074696	41.074768
35318468389485	58.41131	41.22672
35318554478889	60.388256	41.510517
35318641176935	62.415295	41.80412
35318725281251	63.705006	42.00283
35318831208683	65.70878	42.329144
35319062391008	67.05716	42.574574
35319169257068	69.023384	42.958904
35319265153304	70.63205	43.122093
35319360163609	70.60132	42.416508
35319455066520	70.99676	40.9852
35319560718774	72.72372	40.167664
35319658469676	72.346886	41.887276
35319745257251	71.79083	43.82139
35319832813436	71.39292	45.084423
35319923680996	70.78327	47.032883
35320015415085	69.96128	49.603985
35320072121065	69.51563	50.91443
35320124551138	68.85777	52.8074
35320206719861	68.43535	53.950607
35320294200403	69.3155	54.180984
35320381099500	70.39492	54.614307
35320471874493	70.682755	54.843002
35320557962559	71.19111	55.430893
35320645700820	71.33869	56.23632
35320734336800	70.34472	56.179066
35320821780458	68.433556	55.602192
35320908056903	66.518524	54.968918
35320996203962	65.21628	54.532375
35321084117786	63.291748	53.870415
35321171263790	61.337738	53.16939
35321257440029	60.092777	52.708675
35321345081084	58.185272	51.965496
35321431789424	56.923615	51.468174
35321519292947	55.033752	50.67688
35321603921019	53.164696	49.82625
35321692087454	52.173553	49.416523
35321776842794	51.319378	49.03963
35321860873124	51.084167	48.89979
35321968199843	51.010067	48.911274

35355613575616	35.64917	40.028484
35355714691584	35.64065	40.023346
35355793513031	35.642754	40.02051
35355891091332	35.684597	40.028255
35355979154953	45.279114	39.912537
35356074944186	47.340324	39.886154
35356165765949	48.711613	39.890766
35356249542479	50.739048	39.999435
35356334263100	52.762676	40.08949
35356421031075	54.77113	40.17608
35356507829624	56.16731	40.286407
35356591230413	58.22632	40.46617
35356676171561	59.56532	40.60919
35356763624245	61.572895	40.845425
35356864473173	63.55482	41.05211
35356953762267	64.89808	41.212856
35357044202543	66.87921	41.508533
35357132418357	68.25772	41.696
35357221129180	70.245056	42.01137
35357309599111	70.436615	41.301746
35357399546532	70.50657	40.594692
35357487678797	70.92567	39.530876
35357576201645	71.703186	38.69994
35357664228125	72.30153	39.282177
35357753970385	72.14953	40.460545
35357842085149	71.75323	42.539352
35357931766573	71.40917	44.487137
35358019750604	71.17427	45.793747
35358107160139	70.808334	47.772995
35358193155001	70.405914	49.763916
35358266317666	70.09679	51.061943
35358317162834	69.65326	53.048195
35358381854533	70.03946	53.770893
35358467064304	70.79306	53.789692
35358554007353	71.79381	54.259872
35358638558356	72.374016	54.7803
35358725796830	72.64219	55.030495
35358896475807	70.94683	55.471
35358981586878	68.987785	55.131752
35359067132753	67.6395	54.818924
35359162738228	65.6371	54.410286
35359252612911	64.31071	54.12025
35359341638613	62.308285	53.63063
35359431776219	60.98618	53.310036
35359520249198	59.001926	52.790344
35359698410292	55.731678	51.850006
35359787515423	53.767445	51.26247
35359875876055	52.386253	50.833607
35359963601201	51.711967	50.628864
35360059725686	51.58134	50.589397
35360163380006	51.57916	50.586605

35439116651764	35.584114	40.053703
35439211864049	35.573605	40.053223
35439294390604	35.57288	40.051685
35439384228253	35.572815	40.05103
35439472479280	45.366417	40.158897
35439549414588	47.42488	40.323544
35439654842209	48.809258	40.39193
35439750220638	50.854763	40.52498
35439841634544	52.182026	40.635902
35439931169701	54.219265	40.810886
35440020429449	56.301693	41.05934
35440110720679	58.271378	41.285625
35440198615882	59.655964	41.467365
35440288076309	61.63719	41.765316
35440376025111	64.981514	42.287453
35440463160602	65.62551	42.428463
35440547642989	66.98931	42.641224
35440631440344	68.97378	43.00864
35440715702217	70.53404	43.164845
35440800105649	70.35201	42.47525
35440884959433	70.64794	41.41123
35440968709341	70.98131	40.720192
35441052844343	71.68753	40.072453
35441137856467	71.80803	40.426918
35441222804833	72.024506	42.286545
35441306125327	72.16608	43.586346
35441389849091	72.37924	45.567898
35441473546763	72.567924	47.588375
35441558391382	72.70527	48.9495
35441642094365	72.81382	50.984184
35441721630379	72.96778	52.340088
35441773467458	73.03528	54.376255
35441832143050	73.248314	55.572647
35441920701630	74.037415	55.392517
35442008922251	74.799095	55.280205
35442183970081	76.26124	55.743988
35442270862250	76.64932	56.25926
35442358278884	75.376366	56.786194
35442455192401	74.065834	56.94349
35442542765073	71.99472	57.131374
35442629029133	70.650116	57.22797
35442715694694	68.60572	57.385147
35442801772093	66.54602	57.519196
35442971228264	63.24356	57.617756
35443056717554	61.194946	57.714348
35443140337478	59.77346	57.696888
35443224727160	57.70802	57.692375
35443308806641	56.03496	57.660057
35443477922401	54.92458	57.6164
35443574800092	54.908875	57.624172
35443678476095	54.908688	57.62435

35888960496508	35.383377	39.99971
35889055080801	35.383484	39.99849
35889142902833	35.385483	39.998425
35889252153798	35.385456	39.99899
35889345888805	45.490467	40.106102
35889444872098	47.48267	40.186253
35889535140138	49.51464	40.289078
35889619544071	51.582157	40.461082
35889704126281	53.66216	40.628914
35889786956961	55.634014	40.853508
35889871656721	57.684185	41.058815
35889955528632	59.042587	41.234806
35890039787671	61.030643	41.50798
35890126960409	62.356194	41.697445
35890211805549	64.37073	41.99346
35890298573831	65.68821	42.228226
35890382674974	67.683205	42.562935
35890466497217	69.00452	42.812786
35890551315743	70.34832	42.8224
35890636001980	70.33111	41.753674
35890720192913	70.492874	41.09244
35890804057343	71.066345	40.06521
35890889437317	71.48345	39.780807
35890973073729	71.59203	40.82511
35891058056940	71.78578	42.139935
35891141493363	72.06524	44.1494
35891225219375	72.21597	45.47406
35891305720238	72.43533	47.456318
35891357071429	72.52425	48.766876
35891413235760	72.70619	50.828094
35891503131659	72.86671	52.89548
35891590250161	72.88449	54.227566
35891679404875	72.96888	55.3005
35891766402494	73.65167	55.118156
35891854125203	74.410034	54.975727
35891938989996	75.12142	55.097843
35892023695782	76.23936	55.474144
35892192429467	75.141	56.496754
35892275838158	73.080956	56.745754
35892359858401	71.69382	56.8985
35892456604142	69.659325	57.129982
35892550506966	68.302124	57.261395
35892635686094	66.282364	57.42752
35892723216273	64.23009	57.551735
35892899774417	60.85412	57.70302
35892985251821	58.809517	57.83207
35893073431884	57.44771	57.764812
35893158442848	55.89681	57.83218
35893243423664	55.01727	57.838127
35893331086567	54.827316	57.89341
35893427854984	54.818417	57.892445

35925217432102	35.50381	40.06971
35925314560401	35.506767	40.06947
35925409311451	35.505363	40.06955
35925488081837	35.50478	40.068256
35925566676004	45.64971	40.172314
35925644169760	47.713078	40.254883
35925718468976	49.714073	40.360207
35925815118265	51.131126	40.452545
35925921702053	52.505356	40.54611
35926009607549	54.59469	40.72753
35926094535369	55.92707	40.840588
35926176915718	57.901985	41.046246
35926258113577	59.96514	41.27761
35926341557833	61.953667	41.559578
35926429777699	63.262627	41.74957
35926517666502	65.31049	42.061535
35926602738383	66.55277	42.244312
35926686730368	68.53142	42.592052
35926771713251	69.87831	42.85949
35926855009489	70.51738	42.40219
35926939853827	70.5309	41.41408
35927023692641	70.871506	40.700397
35927108898540	71.544075	39.81825
35927192715700	72.12262	39.596886
35927277541705	72.30762	40.763283
35927361629622	72.03903	42.08589
35927446819128	71.612015	44.066875
35927534192034	71.31168	45.39549
35927612192350	70.847206	47.379005
35927666027502	70.52214	48.710617
35927745438675	70.01177	50.659393
35927836780945	69.66157	51.975624
35927929809924	69.067986	54.314354
35928022599588	69.342186	54.37939
35928115942883	70.03264	54.45579
35928207391676	71.0545	54.86567
35928392452365	72.15991	56.04914
35928486625731	70.4549	56.0207
35928570895894	68.47291	55.76983
35928655342504	66.439285	55.44618
35928738603739	64.428925	55.12786
35928824776833	63.097294	54.88821
35928912164918	61.101044	54.478977
35929083121435	57.766304	53.784718
35929168880592	56.466953	53.49537
35929254679548	54.488625	53.020676
35929341037899	53.1498	52.67147
35929425027501	51.585545	52.258347
35929514682310	50.758293	52.00848
35929716199079	50.565872	51.97903

35981038632534	35.656982	40.025875
35981131074168	35.646	40.028717
35981216631559	35.643734	40.014015
35981302621236	35.644005	40.012306
35981407169208	45.704685	39.90655
35981483942412	47.692	39.957977
35981582156440	49.124073	39.981655
35981674505942	51.213753	40.046314
35981760181755	53.240833	40.20246
35981848188609	54.548832	40.269783
35981933891241	56.61112	40.449192
35982019710733	58.655174	40.64752
35982107103763	60.644844	40.862408
35982195503252	62.007774	41.009544
35982281737365	64.028	41.26674
35982368099013	66.00783	41.55465
35982457280495	68.64834	42.01964
35982545477264	69.30459	42.12126
35982634682128	70.4118	42.2434
35982722176229	70.462364	41.310833
35982809128476	70.723816	40.24518
35982894740849	71.11393	39.58854
35982980941373	71.94321	38.823986
35983065963563	72.43388	39.735786
35983151529412	72.14032	41.00506
35983236322293	71.644264	43.04518
35983326171017	71.27758	44.23913
35983414493080	70.75417	46.21971
35983500761383	70.19892	48.17588
35983564603789	69.82697	49.488586
35983618222992	69.22496	51.402603
35983693096333	68.814705	52.719376
35983782437195	68.160515	54.650898
35983871729988	67.85757	56.13602
35983964700854	68.24766	56.052525
35984053739142	68.93041	56.188534
35984144618029	69.65183	56.449177
35984233724794	70.53711	57.221027
35984323216418	70.53575	57.989227
35984413487919	69.58862	57.955482
35984502923335	67.66124	57.420483
35984680716947	63.766933	56.22548
35984770130798	62.478718	55.810993
35984858619173	60.53965	55.167572
35984948005153	58.621128	54.48274
35985036750032	57.33396	54.02091
35985121517584	55.419403	53.294094
35985207928641	53.49381	52.561043
35985378922690	50.873016	51.467854
35985474389642	50.138542	51.15697
35985573562268	49.992615	51.115913

36011582488673	35.670002	40.01875
36011677176575	35.665283	40.024338
36011762645642	35.66085	40.02451
36011851977258	35.663292	40.017353
36011933732633	45.30125	40.05759
36012006044167	47.298763	40.076496
36012104368624	49.34675	40.168354
36012195838594	50.747265	40.283062
36012280874283	52.79122	40.394196
36012371642863	54.132282	40.527412
36012471486338	56.18627	40.659763
36012556324627	58.247757	40.886505
36012647378631	60.221367	41.151825
36012734916929	61.565166	41.357216
36012833612826	63.580677	41.635933
36012921312222	65.54129	41.939396
36013010714417	66.83961	42.174477
36013099960827	68.86723	42.550194
36013188500293	70.571434	42.74848
36013276853367	70.51276	41.754654
36013366429381	70.567696	40.924946
36013472309359	71.20817	40.059746
36013561778653	72.06552	39.388855
36013648428048	72.371124	40.021355
36013734571235	72.02744	41.857212
36013823058427	71.588936	43.841446
36013908973797	71.097916	45.835617
36013994214935	70.79253	47.104088
36014066225504	70.30303	49.079247
36014118902126	69.775536	51.05641
36014189630826	69.40324	52.36467
36014278759929	68.85008	54.254112
36014370193444	69.25803	54.495712
36014458003984	69.95652	54.589027
36014547250797	70.62669	54.874954
36014635891923	71.34146	55.279522
36014724152106	71.8539	56.12329
36014809141819	70.63524	56.329185
36014895168111	69.31776	56.097843
36014979801203	67.3113	55.720905
36015066016874	65.31224	55.31127
36015236604975	61.980446	54.5799
36015322035313	60.02691	54.106125
36015408585509	58.6754	53.777096
36015494034388	56.739586	53.25325
36015580116401	55.42084	52.891827
36015668448027	53.442467	52.312534
36015840939557	51.04039	51.54282
36015927028601	50.657494	51.43368
36016014587248	50.47877	51.393158
36016105134215	50.48059	51.39478

36059388245231	35.52653	40.07286
36059492192637	35.53102	40.072647
36059580779298	35.516205	40.076088
36059688257325	35.516632	40.07608
36059773149781	45.858913	39.97324
36059872800570	47.87609	39.93795
36059966586190	49.92036	40.00471
36060050940345	51.957104	40.155647
36060137401697	53.978695	40.30701
36060221647097	55.325493	40.40108
36060306541364	57.37547	40.576736
36060392621861	59.380726	40.781925
36060477994797	60.696583	40.918507
36060564853268	62.7286	41.20343
36060650620763	64.74154	41.473824
36060734511237	66.032455	41.645756
36060821774267	68.03777	41.97022
36060906321472	69.38837	42.224327
36060992103810	70.89139	42.32029
36061077689493	70.78522	41.19611
36061163916973	71.02463	40.51858
36061248620357	71.66026	39.60518
36061334947651	72.14801	39.166374
36061419037271	72.30912	40.080345
36061503458172	72.43681	41.379673
36061588880366	72.61394	43.407925
36061674342765	72.69295	44.725452
36061759054742	72.81998	46.737755
36061844786969	72.915764	48.758286
36061915850202	72.998184	50.15169
36061967231313	73.007545	52.144943
36062032777125	73.09994	53.56999
36062121011169	73.35517	54.736557
36062206819893	74.04296	54.56112
36062294660678	74.80337	54.558105
36062379771894	75.629456	54.649715
36062464852955	76.201004	55.06286
36062632339670	75.18868	55.93931
36062715706671	73.15841	56.15147
36062799775868	71.797195	56.292736
36062884223843	69.763	56.47486
36062969357974	68.42174	56.536583
36063137029191	65.02316	56.69865
36063227488241	62.99044	56.76799
36063318430021	60.88463	56.92746
36063402197200	59.531895	56.891857
36063487036291	57.550667	56.924324
36063572725693	56.24151	56.889393
36063659957811	55.203285	56.863506
36063869541608	54.740627	56.837677

36109108594016	35.5959	40.05968
36109212153269	35.590977	40.05925
36109298471229	35.583748	40.062424
36109424172113	35.595585	40.065613
36109502764069	45.46492	39.939
36109604979521	47.491535	40.0501
36109702912082	49.558754	40.113274
36109792235168	51.650547	40.27083
36109881756416	53.70114	40.415115
36109972495796	55.694424	40.602028
36110062739174	57.704517	40.807083
36110152324891	59.06431	40.957928
36110242186671	61.04587	41.240173
36110330198180	63.041283	41.51582
36110420250726	65.053185	41.812286
36110508979783	66.396065	42.047062
36110597789251	68.38422	42.39228
36110686676889	70.37791	42.75575
36110776415658	70.66309	42.34443
36110865769093	70.67714	41.29654
36110955083728	71.06072	40.26048
36111044487628	71.591896	39.731274
36111133479162	72.076485	39.699215
36111222542294	72.23067	41.420605
36111311528245	72.218475	42.70445
36111399036292	72.355225	44.74253
36111487333964	72.25931	46.799847
36111577340511	72.264885	48.861805
36111665918264	72.27653	50.130077
36111721710967	72.20096	52.160698
36111774593588	72.08191	53.518757
36111859124997	72.22358	54.90332
36111949984288	73.30877	54.695583
36112045458109	74.016045	54.79873
36112130753622	74.73007	55.158756
36112215413029	75.322044	55.607475
36112300856280	75.41515	56.137753
36112384404734	74.10622	56.36602
36112470723540	71.98675	56.311176
36112557274151	70.65642	56.20788
36112643315115	68.626305	56.06119
36112726991788	67.26331	55.976727
36112812503627	65.20191	55.82864
36112897518215	63.16206	55.666035
36113069831114	59.788456	55.25622
36113154787367	58.41242	55.076435
36113239716116	56.372955	54.79547
36113325956635	55.310528	54.642025
36113415575271	54.377735	54.496384
36113501626899	54.116684	54.49155
36113674965525	54.115635	54.496838

36150589789957	35.592434	40.042255
36150681038923	35.60014	40.038784
36150767400780	35.59849	40.036983
36150858203371	35.599827	40.03665
36150938266384	43.436443	40.004417
36151014182739	45.463543	39.936604
36151108391639	47.484547	40.047943
36151197559745	49.55188	40.106335
36151282153035	50.952164	40.223583
36151367372813	52.983997	40.329777
36151453503779	55.043396	40.46183
36151537329794	56.42831	40.582806
36151620549479	58.421772	40.783863
36151700906532	59.79589	40.954338
36151782133208	61.7861	41.19521
36151862889082	63.114986	41.359406
36151943420465	65.12951	41.632725
36152024161650	66.43685	41.87803
36152107939955	68.45299	42.201595
36152194735042	69.776054	42.437477
36152281216552	70.6461	42.100235
36152365862980	70.586624	41.379833
36152446250885	70.7327	40.663868
36152527166939	71.33035	39.75345
36152607555834	72.24036	39.16167
36152688759088	72.545044	39.66128
36152770148809	72.2192	41.479366
36152850740890	71.87476	42.80428
36153011995264	71.039024	46.0924
36153092892098	70.676765	47.393864
36153173833791	69.733086	50.67422
36153255044668	69.542946	51.306667
36153389159167	68.814835	53.766624
36153441456513	69.76078	53.901176
36153607512590	71.097	54.498886
36153692424876	71.935	55.3314
36153776999074	71.92195	55.62049
36153862866297	71.43272	55.8895
36153946716037	70.200714	55.604137
36154116911145	66.349144	54.40987
36154207075855	65.061066	53.977295
36154295215476	63.12876	53.322247
36154382959820	61.844414	52.874996
36154471376431	59.933044	52.15285
36154558900558	58.68059	51.679447
36154647877401	56.793987	50.921074
36154827649547	53.683876	49.60237
36154914905590	52.391277	49.05311
36155002830254	51.761906	48.744278
36155095916537	51.637188	48.68793
36155216297953	51.635113	48.690567

36184540890326	35.57672	40.0429
36184632668077	35.576004	40.043995
36184718230298	35.57307	40.04046
36184807710442	35.57331	40.04181
36184895603084	45.684933	39.939026
36184970888205	47.71131	40.03599
36185070210396	49.014355	40.09429
36185163701960	51.03858	40.198307
36185249255343	53.096924	40.30795
36185334810237	54.443474	40.413364
36185419479974	57.825943	40.761757
36185505050545	58.498165	40.789368
36185590497939	59.886154	41.000774
36185676810385	61.85858	41.247063
36185761700434	63.183258	41.448616
36185844582254	65.22164	41.766262
36185926447250	66.51139	41.93029
36186008910110	68.4833	42.29113
36186091432554	70.458855	42.663853
36186173804632	70.55392	42.14232
36186255973659	70.590866	41.05733
36186338221176	70.96144	40.404686
36186428894940	71.66966	39.58701
36186514434695	72.33027	39.29174
36186600911013	72.54413	40.30961
36186686367227	72.21415	41.613
36186771977190	71.83941	42.933826
36186856670696	71.29456	44.83811
36186942064202	70.71087	46.76151
36187026816405	70.298546	48.089962
36187107200590	69.66559	49.987053
36187158051572	69.22833	51.261524
36187304687094	69.004166	53.67713
36187400733052	69.73895	53.838333
36187486589076	70.46772	54.146072
36187576512542	71.049736	54.607624
36187664549553	71.43311	55.278683
36187747039280	70.82933	55.825382
36187910837694	67.794304	54.868435
36187993342108	65.890144	54.15748
36188075484596	64.60151	53.68044
36188157392568	62.708878	52.905266
36188240535755	61.47458	52.37791
36188406820253	58.35783	51.031776
36188489467815	56.523994	50.178265
36188571345692	55.29707	49.59447
36188657926735	53.426136	48.698856
36188746972199	52.51596	48.21151
36188913022739	51.474773	47.71561
36188995704833	51.439083	47.730618
36189078101875	51.44374	47.719666

36217348654828	35.458427	40.13143
36217443957970	35.46262	40.135372
36217524636685	35.467934	40.138187
36217637455119	35.499424	40.149204
36217725507140	44.167522	40.257328
36217823782707	46.19058	40.356735
36217912653562	48.27228	40.496704
36217996223507	50.286625	40.691105
36218079367942	52.326046	40.88635
36218162893643	54.355675	41.10109
36218247878449	55.72776	41.242218
36218331820834	57.72605	41.492004
36218415707543	59.0977	41.712727
36218498081791	61.12068	42.024414
36218583199093	62.431263	42.23477
36218667382930	64.42924	42.602886
36218751630880	65.7397	42.861122
36218838117731	67.69638	43.281876
36218970306799	69.04489	43.549397
36219144729511	70.99267	44.009228
36219240413674	72.79179	44.403446
36219332302310	72.90044	43.848106
36219423445654	73.05964	42.761497
36219518656600	74.16568	41.34411
36219631529948	74.62569	42.24264
36219719326235	74.26705	44.21568
36219805743637	73.97716	45.56738
36219887837154	73.54881	47.556297
36219971715487	73.078835	49.52929
36220049272244	72.433495	52.138092
36220099795638	72.09795	53.447647
36220153752524	71.5606	55.399918
36220238073862	71.4701	56.35725
36220322924352	72.59375	56.31776
36220408823401	73.23132	56.590736
36220491837181	73.612305	56.77755
36220577819402	74.187294	57.270485
36220661364522	74.40275	58.090305
36220746392768	73.54654	58.160305
36220830315758	71.615906	57.78661
36220917643371	70.285164	57.507053
36221002833427	68.28338	57.046467
36221089674724	66.9532	56.72332
36221174271623	64.97389	56.246387
36221263161189	63.685833	55.909286
36221451958584	59.75556	54.82209
36221547450176	58.440987	54.405056
36221645256427	56.489742	53.819515
36221739809346	54.763847	53.218067
36221835937368	53.803158	52.90117
36221931363769	53.484413	52.820534

36274570934737	35.65678	40.021294
36274655794481	35.657543	40.02292
36274737245034	35.653732	40.03053
36274826123828	35.65943	40.015232
36274910482520	45.07338	40.09296
36274988233092	47.14413	40.1834
36275086327930	48.494114	40.269825
36275175500579	50.54226	40.43798
36275258839939	51.906723	40.533978
36275342441025	53.942684	40.720543
36275426803949	55.28305	40.914017
36275511604175	57.33976	41.13506
36275595386306	59.38415	41.414253
36275680113665	60.663322	41.601997
36275765563749	62.641407	41.92688
36275851659055	64.03255	42.127914
36275936277871	66.001656	42.505417
36276020300163	67.3345	42.761913
36276110600977	69.3164	43.16032
36276207288040	70.47528	43.34964
36276291845363	70.53339	42.4008
36276376303466	70.81705	41.35983
36276460449895	71.23583	40.71276
36276549036834	72.1611	40.058483
36276645642896	72.48035	41.011646
36276739432546	72.19798	42.23872
36276834790510	71.69356	44.24106
36276929430125	71.3413	45.552204
36277025009500	70.80618	47.51049
36277106275765	70.24539	49.47109
36277160835138	69.65668	51.431137
36277233991896	69.05139	53.354687
36277329471752	68.622536	54.980946
36277423241261	69.687225	55.05802
36277519335400	70.393486	55.323185
36277612887093	70.647415	55.560616
36277708871594	71.53081	56.33092
36277802490476	71.19852	56.971035
36277898110282	69.44365	56.65825
36277991505409	67.465416	56.202644
36278088648163	66.16086	55.849358
36278182293917	64.1855	55.340534
36278279066213	62.241333	54.792625
36278467221173	58.31261	53.585617
36278561349981	56.376987	52.966866
36278656334119	55.09484	52.528008
36278751907538	53.176804	51.846363
36278847761276	51.73753	51.28902
36278942618379	50.99066	51.02332
36279041789992	50.81583	50.979477
36279137615849	50.809967	50.979744

36332010638414	35.506874	40.070526
36332113716717	35.509457	40.0771
36332197029772	35.50491	40.071762
36332280816986	35.50912	40.076023
36332377331624	45.4563	39.662033
36332449704140	47.561985	39.72241
36332548184039	48.892605	39.69084
36332638364625	50.97868	39.739525
36332722637243	53.06272	39.776623
36332807390577	54.374912	39.72777
36332894332447	56.305393	39.86945
36332982297103	58.324398	39.995403
36333067290691	59.713627	40.086254
36333150890847	61.654495	40.273117
36333233142528	62.974625	40.365818
36333316543243	65.00704	40.542324
36333402415249	66.957	40.780464
36333486719534	68.32354	40.975365
36333568158997	70.308716	41.22164
36333649735644	71.24956	41.21321
36333730838189	71.24579	40.17341
36333812405774	71.372345	39.434887
36333898176636	71.890594	38.48089
36333982812111	72.46463	38.031586
36334067432429	73.0529	38.389893
36334152520933	72.89655	39.569996
36334240147427	72.569275	41.59495
36334324308018	72.32828	42.887733
36334409594518	71.92093	44.903267
36334489876248	71.67706	46.21971
36334540800383	71.23311	48.262344
36334682383852	70.10399	52.841667
36334766623139	69.94926	53.491165
36334851222417	69.58409	54.803394
36334934772659	69.4403	55.407276
36335019845571	69.95401	55.533867
36335104991189	71.020195	55.69774
36335275153042	72.486206	56.874523
36335361024787	72.46811	57.359257
36335445672240	70.87829	57.275433
36335537113119	69.53048	56.960392
36335623251420	67.564865	56.543213
36335709614507	66.22093	56.24356
36335881712415	62.284363	55.289154
36335966328775	60.93466	54.910477
36336056889415	58.98607	54.36206
36336143594955	57.028534	53.779697
36336228981501	55.759953	53.37519
36336314594084	53.812	52.74754
36336490521740	51.862835	52.07677
36336576839878	51.59174	51.989426

36372361552594	35.547543	40.03279
36372457389802	35.54399	40.03225
36372540175548	35.544785	40.02555
36372628869871	35.537243	40.028572
36372715927912	45.409805	39.904346
36372792706125	47.469276	39.978065
36372893027238	48.79567	40.022846
36372986580775	50.884113	40.121616
36373075305306	52.198654	40.23453
36373162971368	54.24841	40.344147
36373251020767	56.330643	40.53977
36373335470467	58.3475	40.76209
36373420112041	59.686817	40.882526
36373505943548	61.68035	41.16631
36373600193031	63.701775	41.458992
36373684321850	65.043396	41.62444
36373768973215	67.01229	41.92033
36373853594111	68.38206	42.189606
36373938095374	70.30312	42.51473
36374021707272	70.40273	41.709145
36374107352427	70.48222	40.99759
36374191304125	70.93456	39.88511
36374275896651	71.47216	39.404747
36374359713040	72.31684	39.376865
36374450841117	72.11842	41.02956
36374535204635	71.79185	42.375767
36374620160595	71.33821	44.348907
36374710959352	71.03788	45.688034
36374796429889	70.530045	47.649506
36374880425130	70.187584	48.96608
36374948618833	69.631096	50.93703
36375001262504	69.06522	52.87515
36375075077497	68.793304	53.99911
36375163094158	69.73122	54.022045
36375253516372	70.40752	54.23595
36375427556450	71.40917	54.846508
36375514971459	71.9366	55.76654
36375605515807	70.66094	55.904324
36375689584604	69.36004	55.621128
36375773677983	67.366005	55.196503
36375857862976	65.39619	54.7179
36375942442027	64.071106	54.387165
36376112842875	60.129745	53.2927
36376199276553	58.808613	52.899563
36376283977544	56.881523	52.32823
36376370949551	55.57885	51.89899
36376455398721	53.637722	51.23579
36376634631739	51.374687	50.445023
36376730169849	51.00178	50.30771
36376818033773	50.897182	50.311745
36376901622536	50.908405	50.31797

36411928867616	35.652576	40.071156
36412039495621	35.646515	40.08468
36412131762453	35.64099	40.07854
36412257125861	35.631702	40.075184
36412333035223	45.12509	40.355183
36412429814989	47.21435	40.51801
36412518340714	49.225327	40.741405
36412601538805	51.266743	40.930996
36412684171925	53.3002	41.147614
36412767515529	55.34633	41.380726
36412861019479	57.33797	41.680145
36412953015489	58.73555	41.861317
36413048850670	60.74263	42.198627
36413144490409	62.069847	42.459488
36413233297687	64.0724	42.82491
36413328655508	66.02191	43.241417
36413417043797	68.003555	43.693893
36413504173559	69.9807	44.171616
36413592733976	71.258606	44.494926
36413680278716	72.83638	44.7409
36413768721169	72.76675	43.587784
36413856638702	72.991104	42.934856
36413945559569	73.716064	41.983673
36414032477310	74.269485	41.645836
36414120585511	74.340546	42.50616
36414205784908	74.35367	44.460304
36414290419490	74.43931	46.46834
36414373580815	74.432884	47.827713
36414425194865	74.29315	49.85261
36414481264154	74.25336	51.891563
36414568785410	74.21377	53.24602
36414656142195	74.33209	54.638065
36414744067388	75.02097	54.48673
36414832630205	75.41154	54.411293
36414919408322	76.176765	54.465168
36415006257321	77.16839	55.003803
36415091556921	77.27238	55.78319
36415175139874	76.27866	55.998707
36415262203917	74.27263	56.085
36415345959327	72.18065	56.12691
36415430465219	70.81835	56.22931
36415599830111	67.24641	56.208702
36415683157366	65.33298	56.200962
36415767347754	63.983177	56.200764
36415852700790	61.889366	56.06018
36415947993996	60.573856	55.978134
36416036729933	58.533432	55.910698
36416124236769	56.78787	55.77156
36416300542666	55.605495	55.678574
36416402369143	55.586254	55.670143
36416522854054	55.585606	55.67041

36455094748818	35.552223	40.038822
36455208724853	35.547264	40.0355
36455290611259	35.549503	40.03735
36455388308192	35.549343	40.035347
36455467328128	45.106525	39.945503
36455537129144	47.189003	39.84324
36455631241871	49.182	39.900864
36455719110999	50.493523	39.971184
36455800826472	52.535507	40.017906
36455881910767	53.936752	40.114037
36455963517911	55.95765	40.24017
36456046121584	58.029766	40.379986
36456131548298	59.373837	40.528324
36456217536370	60.68143	40.661785
36456303741621	62.71892	40.87181
36456387285344	64.047714	41.040295
36456468997303	66.051865	41.29147
36456550281411	67.3826	41.501286
36456631702650	69.37546	41.781956
36456713840167	70.66656	41.713547
36456796310800	70.47415	40.991337
36456877756725	70.73915	39.911217
36456959339834	71.16646	39.298496
36457040885027	71.66519	38.69906
36457122981040	71.95538	39.26362
36457204575998	72.12786	40.58216
36457286196215	72.393486	42.55644
36457367610137	72.55137	43.862312
36457449365351	72.791725	45.942543
36457531636381	72.95144	47.261856
36457643200594	73.270676	50.613483
36457719254217	73.48975	52.615833
36457804509944	73.48498	54.04609
36457975797728	74.61801	54.06263
36458060227335	75.028534	53.948547
36458145291048	76.09598	54.166878
36458230897833	77.069855	54.77067
36458317006268	76.924736	55.11049
36458489555838	73.94222	55.68187
36458575936557	71.85591	55.922493
36458659882456	70.457146	56.08833
36458742151846	68.424866	56.30463
36458823843754	66.38459	56.45823
36458905709980	64.999565	56.633537
36459078817188	61.685596	56.835064
36459166291952	59.731876	56.89762
36459260786092	58.238865	57.084705
36459351395143	56.70451	57.070843
36459438578677	55.9972	57.199924
36459527093523	55.679832	57.138954
36459638487449	55.677776	57.13853

36490933016279	35.655384	40.060688
36491015473563	35.656574	40.086716
36491095709597	35.64233	40.064316
36491197073954	35.645912	40.07216
36491274144505	44.936695	39.90892
36491345875909	46.979443	40.02887
36491441941538	48.417828	40.09735
36491531204513	50.465275	40.1874
36491616566849	52.466923	40.313503
36491700835565	53.864822	40.377235
36491786853564	55.90046	40.527267
36491869050766	57.910305	40.705997
36491949410562	59.266846	40.87844
36492030209359	61.301327	41.120132
36492112647441	62.628147	41.305237
36492194514406	64.62668	41.613953
36492275165878	65.93765	41.811234
36492356243538	67.9539	42.143417
36492442873205	69.25082	42.36461
36492534496142	70.512535	42.586605
36492624326516	70.44472	41.609955
36492714112777	70.59785	40.896446
36492803970547	71.119484	39.935867
36492887342321	71.8868	39.251114
36492969837083	71.98689	39.631527
36493060625925	72.12575	41.514595
36493146171822	72.2388	43.485367
36493229960945	72.34293	44.823444
36493314551456	72.444695	46.813354
36493398620781	72.43082	48.20312
36493463559659	72.48012	50.200138
36493586471897	72.53329	53.619022
36493675818132	72.76024	54.868103
36493764461207	73.464905	54.654175
36493852023993	74.193054	54.678318
36493946981767	74.54967	54.72674
36494033073181	75.59243	55.253265
36494207582589	74.84654	56.2438
36494292500660	72.822365	56.414536
36494376889108	70.760994	56.530228
36494459753111	69.45725	56.563656
36494543379389	67.43637	56.620808
36494710439865	64.037415	56.654198
36494794295929	62.6837	56.712048
36494878720938	60.653294	56.723152
36494962110502	59.27345	56.585224
36495046255154	57.219166	56.563812
36495212633372	54.828716	56.42982
36495295296093	54.386135	56.404305
36495398265803	54.378033	56.41279
36495494320826	54.364437	56.4085

36555468262356	35.50359	40.03404
36555568848049	35.492302	40.03656
36555649481803	35.49429	40.03054
36555731311433	35.492825	40.036312
36555820488778	45.92003	39.91199
36555897743516	47.96328	39.896877
36555997040096	49.31192	39.899395
36556088964637	51.423214	40.030773
36556175841137	52.73513	40.13513
36556259283128	54.784252	40.246716
36556344695530	56.84154	40.421535
36556429474290	58.179653	40.518696
36556514791059	60.19393	40.726337
36556602804441	62.170376	40.973
36556688684535	63.494774	41.176052
36556775575747	65.49875	41.457237
36556860366591	66.8176	41.656807
36556943491058	68.82529	41.984425
36557028987686	70.17558	42.219517
36557133862581	70.6772	41.68106
36557231763669	70.75149	40.55654
36557325952868	71.077614	39.85789
36557423438613	71.890434	39.0504
36557521226464	72.6805	39.137035
36557617099798	72.42496	40.832092
36557712943287	71.93465	42.82894
36557771428962	71.45476	44.7739
36557824604767	71.12096	46.05502
36557905484233	70.55378	48.03075
36557990490097	69.580605	51.23979
36558076845384	69.395615	51.86436
36558163439445	69.17238	52.52863
36558249764380	68.75843	53.787846
36558335250191	68.09602	55.75933
36558421573407	68.35474	56.219322
36558506709922	69.4425	56.318623
36558589968908	70.15524	56.67922
36558676657410	70.88152	57.480938
36558762601379	71.04708	58.07728
36558848862871	69.75081	58.08854
36559019685005	66.556595	57.033916
36559106224954	64.62363	56.357452
36559207492545	63.344326	55.926598
36559293367526	61.422745	55.246613
36559379310116	60.148594	54.770176
36559465893167	58.242065	54.028732
36559551994466	56.360313	53.247547
36559638591945	54.493694	52.472546
36559810494157	51.785603	51.242992
36559894184455	51.17665	50.995926
36559979012801	50.809753	50.826088

36591205932204	35.482426	40.108433
36591298263992	35.481556	40.110416
36591383115923	35.482468	40.10897
36591464263497	35.481003	40.10714
36591561695084	44.85626	40.068333
36591643129944	46.874016	39.992382
36591721574288	48.91539	40.105366
36591822306490	50.27891	40.14068
36591917676190	52.339336	40.301754
36592006499087	54.39341	40.45321
36592103890206	55.72081	40.570786
36592185779586	57.721416	40.786594
36592283942196	59.769875	41.02598
36592369962778	61.784958	41.296284
36592453848970	63.72515	41.587505
36592542022431	65.05242	41.75396
36592627066677	67.07788	42.090397
36592707405847	69.04575	42.46047
36592788967445	70.36402	42.67395
36592870239412	70.4302	41.84511
36592951993663	70.50174	41.06998
36593032821367	71.02454	40.102962
36593115341593	71.51932	39.500683
36593197003147	72.40739	39.379208
36593278082738	72.317116	40.36019
36593359856173	71.84429	42.3209
36593440715247	71.51625	43.610523
36593522174259	70.986084	45.60705
36593610446131	70.62925	46.87169
36593669060247	70.264435	48.1959
36593723110114	69.691414	50.14524
36593814475947	69.3098	51.414837
36593905831364	68.680626	53.37201
36593995549046	68.99729	54.1455
36594089670304	69.33852	54.178196
36594269854258	71.09482	54.92943
36594359809931	71.4811	55.858433
36594452276453	70.82741	56.005108
36594542546132	68.93292	55.65762
36594634019335	66.9299	55.151775
36594723700793	64.94044	54.645638
36594816164086	63.606037	54.324024
36594911425932	61.64663	53.79653
36594996154858	59.676777	53.20779
36595166525001	56.378677	52.211163
36595252959387	54.454662	51.592525
36595340508447	52.522694	50.937717
36595427280693	51.516006	50.573742
36595512326348	50.64045	50.245136
36595602214022	50.387608	50.17737
36595698339479	50.3448	50.173004

36640079510946	35.663864	39.911068
36640167860441	35.65798	39.91368
36640245876725	35.658405	39.91815
36640327061406	35.658226	39.91192
36640406140888	44.707966	39.840073
36640487136397	46.78642	39.999138
36640560490454	48.17038	40.077904
36640657752067	50.19747	40.22449
36640747864319	51.55503	40.374256
36640831324930	52.906395	40.516243
36640915579202	54.9515	40.71987
36641006304227	56.983166	40.968582
36641094718165	58.32809	41.108746
36641182512528	60.33039	41.395245
36641271658228	61.691578	41.580795
36641359209000	63.66648	41.9015
36641447334939	65.67523	42.25696
36641534373201	68.29518	42.747196
36641622236531	68.97195	42.877934
36641708628738	70.609924	43.148174
36641795412412	70.61888	42.569904
36641883145583	70.80147	41.524715
36641971058133	71.16986	40.95785
36642059366004	71.92952	40.225433
36642146582246	72.17031	40.80037
36642233520377	72.27131	42.17406
36642322306098	72.364426	44.168396
36642397545291	72.41203	46.136574
36642449124939	72.42605	47.476143
36642520394573	72.493645	49.53802
36642609367745	72.4622	50.869766
36642696726353	72.39682	52.82169
36642871282108	72.43941	55.576183
36642959023953	72.83325	55.622322
36643046672410	73.85896	55.55882
36643130818248	74.51615	55.803806
36643214168622	75.50718	56.321644
36643299001527	74.93322	56.98441
36643466366561	71.66717	57.258446
36643550117673	70.284836	57.3354
36643633397004	68.22532	57.454357
36643717627553	66.882805	57.447174
36643801564867	64.86357	57.505447
36643970512694	61.45659	57.484993
36644054484018	60.04224	57.506676
36644138601185	58.00379	57.485645
36644222537899	55.93597	57.371315
36644324895677	54.887398	57.316074
36644412910236	54.219917	57.260254
36644499186426	53.736675	57.243954
36644609762502	53.704082	57.259975

36670759401147	35.55571	39.92537
36670851586892	35.554817	39.925503
36670932129000	35.554783	39.925106
36671019958330	35.553886	39.92465
36671100098916	45.84364	39.88147
36671180376389	47.831802	39.891075
36671254271978	49.943268	39.949375
36671353338802	51.235516	40.012974
36671443860401	53.270992	40.145
36671527900319	54.732864	40.287395
36671611555435	56.710873	40.46471
36671695068308	58.034916	40.537
36671778130127	60.108734	40.770508
36671864187286	62.10201	41.034595
36671949738702	63.44292	41.16981
36672035064800	65.44839	41.457672
36672121330193	66.824066	41.689972
36672207331631	68.815994	42.01352
36672292728627	70.15692	42.23558
36672377718736	70.653114	41.72155
36672464761452	70.7287	40.65396
36672553651665	71.014404	40.034084
36672639712480	71.7415	39.249336
36672726757748	72.327354	39.12876
36672818533818	72.365456	40.453796
36672899926124	72.09484	41.825844
36672950705643	71.63428	43.782906
36673006462897	71.1679	45.77765
36673093202323	70.82666	47.092464
36673175896910	70.31008	49.03673
36673259330478	69.94492	50.325462
36673342688679	69.56422	51.650253
36673425936773	69.17577	52.972103
36673592942194	69.95136	54.065826
36673676990570	70.64972	54.25643
36673759713650	71.51552	54.922237
36673843394620	71.778404	55.52088
36673925662636	71.01506	55.903
36674010548951	69.7223	55.58881
36674176216113	66.418755	54.707825
36674259748339	64.44535	54.13203
36674342971442	63.14293	53.73577
36674426240953	61.18069	53.12413
36674513365305	59.8948	52.7082
36674682572366	56.665913	51.583374
36674768738985	54.71907	50.887836
36674856814457	53.460926	50.389824
36674942519293	51.954384	49.796326
36675028952637	51.395416	49.582287
36675117203739	50.98293	49.4413
36675238725323	50.971905	49.44089

36703551348265	35.65549	39.969532
36703643599825	35.648823	39.967377
36703723021849	35.65061	39.97047
36703808572748	35.650253	39.960224
36703891324868	44.9561	39.974964
36703965682319	46.97393	40.088726
36704063766756	48.449722	40.22464
36704151521000	49.74084	40.349182
36704233502893	51.808548	40.535343
36704322742704	53.1944	40.664394
36704408059537	55.2158	40.867325
36704493019902	57.323055	41.11881
36704575565249	58.637627	41.310566
36704656916655	60.64969	41.553886
36704742280989	62.675453	41.89004
36704827633188	64.01417	42.100445
36704912824549	65.99892	42.465878
36704997572980	67.33903	42.72207
36705082756111	69.29981	43.106476
36705169172405	70.53937	43.315662
36705257423337	70.63044	42.506027
36705342422664	70.712845	41.782024
36705428827032	71.1324	40.8519
36705513759535	71.65907	40.41066
36705600387243	72.459335	40.309387
36705685481000	72.30515	41.778812
36705771989069	71.90451	43.085392
36705857015793	71.3147	45.048046
36705940519713	70.88861	46.37484
36705992113025	70.25976	48.31853
36706141669789	69.16804	51.566372
36706230472042	68.46705	53.452625
36706320883353	68.21063	54.483604
36706409900925	68.50191	54.484116
36706501016214	69.20066	54.47397
36706590107955	70.13927	55.00979
36706678551187	70.818565	55.81635
36706769437407	70.64719	56.453186
36706951652307	67.70424	55.684345
36707039953296	65.75724	55.04361
36707133937627	64.43365	54.597427
36707223730850	62.465694	53.937504
36707312315445	60.543953	53.239624
36707400563415	59.232254	52.768505
36707479311839	57.34012	52.029
36707569245639	55.41375	51.31191
36707758843313	52.245525	49.999268
36707847304414	51.026142	49.474457
36707934024163	50.565357	49.275074
36708032356904	50.333214	49.213455
36708154102667	50.332767	49.215145

36765064329288	35.798927	39.91635
36765159195501	35.793846	39.906178
36765241297873	35.790123	39.92027
36765329503847	35.78675	39.909607
36765431177432	45.379055	40.01127
36765533113984	47.40421	40.04877
36765624630506	49.42749	40.174145
36765708947290	51.4713	40.397694
36765794889895	53.522617	40.536354
36765878476684	55.614548	40.75386
36765959801927	56.999832	40.898872
36766041601281	59.00182	41.129456
36766123522302	61.019306	41.4373
36766204775811	62.38675	41.605396
36766286325048	64.35144	41.890553
36766368388291	65.737045	42.11402
36766451157624	67.02542	42.343266
36766533601542	69.04469	42.67949
36766615561869	70.38688	42.960495
36766697614644	70.90638	42.44403
36766778997684	70.95145	41.773567
36766860495671	71.212296	40.802242
36766942096105	71.670135	40.272728
36767024574397	72.55381	39.780727
36767107131908	72.66701	40.558437
36767189218828	72.2783	42.42637
36767271011850	71.94973	43.767235
36767353276483	71.49307	45.685856
36767435039556	71.13655	46.98611
36767517193513	70.76281	48.29959
36767593746984	70.23097	50.280632
36767703378735	69.28714	53.523384
36767789590843	69.062225	54.56638
36767880803023	70.05158	54.625828
36767976831006	70.65075	54.9344
36768065879919	70.983955	55.100853
36768155454729	71.49264	55.581596
36768336622303	70.45231	56.347523
36768427980981	68.53368	55.87315
36768518545288	66.537674	55.36506
36768608520328	65.22244	55.008034
36768698683701	63.266525	54.431156
36768788887229	61.299694	53.8558
36768879285340	60.01226	53.460686
36768968679134	58.059143	52.81342
36769057788606	56.111107	52.123375
36769149207505	54.16872	51.45807
36769319656413	51.666645	50.529167
36769404219855	51.07537	50.32198
36769498758711	50.989532	50.29433
36769605350054	51.005722	50.286354

36792714427309	35.537918	39.924324
36792809314138	35.536495	39.924294
36792907403736	35.53858	39.924713
36793001118322	35.571796	39.94633
36793090276280	44.09986	40.094025
36793193233674	46.115677	40.22525
36793286518443	47.503456	40.380444
36793371687978	49.56891	40.551376
36793461167109	51.6159	40.78002
36793546456436	55.04261	41.18578
36793630325499	55.74832	41.283
36793716088733	57.75093	41.583492
36793799583836	59.10651	41.749744
36793883042168	61.12719	42.104572
36793966227478	62.46445	42.352005
36794052745403	64.45818	42.73856
36794140300107	65.80325	43.02405
36794227437955	67.78336	43.42151
36794314258510	69.09717	43.710453
36794408447423	71.086174	44.164597
36794498021321	72.43149	44.50529
36794586688601	72.84673	43.932
36794676822293	73.084015	42.937805
36794765563948	73.69373	42.107735
36794852186169	74.23979	41.58542
36794936960780	74.345535	42.272778
36795023397375	74.45613	44.205612
36795108728706	74.56064	45.573402
36795195272095	74.64119	47.57673
36795281616215	74.68892	49.639442
36795369858571	74.77121	50.97779
36795455598730	74.74157	53.079353
36795508414914	74.763435	54.29462
36795559824999	75.60325	54.208855
36795651225336	76.28586	54.186245
36795826143271	77.88151	54.955967
36795913800157	77.926834	55.43689
36796001638605	77.07555	55.684902
36796089641950	75.03613	55.82465
36796177970260	73.66263	55.864697
36796265478888	71.59199	55.95558
36796353070017	70.19955	55.92984
36796528383837	66.08903	55.95319
36796616743093	64.73697	55.88816
36796705466466	62.675877	55.85355
36796792842750	60.648193	55.756138
36796881520758	59.283375	55.717148
36796970434079	57.528503	55.61973
36797062256787	56.753605	55.58677
36797149344067	56.24074	55.559834
36797254934463	56.174454	55.555466

36847700193290	35.68829	39.904335
36847809857862	35.683056	39.914543
36847898091320	35.69159	39.9134
36847981317298	35.685665	39.906944
36848079767023	44.883713	40.018734
36848154721364	46.897835	40.01489
36848253476253	49.664692	40.179592
36848347967964	51.04112	40.28991
36848434703868	53.160564	40.43155
36848521100958	54.46981	40.505238
36848608857837	56.52709	40.681545
36848693953264	58.5829	40.926277
36848782024373	60.575108	41.174282
36848867632840	61.888718	41.337883
36848951590621	63.929375	41.625347
36849034365077	65.892845	41.87377
36849121917880	67.210464	42.105915
36849207290511	69.22071	42.417908
36849294425602	70.6115	42.660545
36849380453205	70.98088	42.041344
36849466439505	71.02029	41.337353
36849548744941	71.44915	40.406883
36849631444507	71.90349	39.909313
36849714677946	72.33838	39.777214
36849797197661	72.458885	41.459846
36849880847938	72.6322	42.746372
36849964516601	72.82962	44.740555
36850047022774	72.94419	46.148766
36850122543531	73.125206	48.196037
36850172864499	73.23314	49.55884
36850229287093	73.367	51.60487
36850315182929	73.4864	52.985744
36850401335598	73.57254	55.029945
36850571174701	74.6308	55.080025
36850660297007	74.980446	55.015938
36850746448530	75.96134	55.254257
36850832308115	76.679924	55.543327
36850919246905	76.42129	56.26945
36851005357437	75.31132	56.476784
36851177546332	71.16551	56.934948
36851264258355	69.80994	57.07194
36851350642970	67.76818	57.225903
36851435117622	66.411476	57.357517
36851517506732	64.352585	57.457253
36851600934889	62.274593	57.52374
36851766873618	58.89421	57.626785
36851853894975	57.48928	57.681026
36851937844869	55.929108	57.740112
36852020812749	55.354084	57.633812
36852103908394	55.01682	57.66538
36852280259083	55.01642	57.66621
